Number of Tags,Tag
1,eco
1,ecofashion
1,plantatree
20,vegan
1,dairyfree
1,drink
1,foodphotography
1,glutenfree
1,greensmoothie
3,healthy
1,ichristineme
1,inmygarden
1,liquidlunch
2,natural
1,noaddedsugar
1,paleo
1,refinedsugarfree
1,smoothie
20,vegan
1,crystalhealing
1,crystals
1,handmade
1,healing
1,hemp
1,hempjewelry
1,hippie
1,hippy
1,lapislazuli
2,shopsmall
1,smallbusiness
20,vegan
1,yoga
1,yogi
1,friendsnotfood
3,healthy
3,plantbased
1,rawfood
20,vegan
2,veganism
1,veganlife
1,veganlove
1,vegano
1,vegans
1,vegans of tumblr
1,vegansofinstagram
1,vegetarian
1,pasta
20,vegan
1,beauty
1,christmas
1,christmasgiftguide
1,christmasgiftideas
1,christmasshopping
1,coupon
2,crueltyfree
1,gift
1,gifts
1,holiday
1,holidaygiftguide
1,holidaygifts
1,holidays
1,lipbalm
2,natural
1,onlineshopping
2,organic
1,presents
1,pumpkinpie
1,sale
1,shopping
2,shopsmall
1,thanksgiving
20,vegan
1,veganchristmas
1,veganholiday
1,veganthanksgiving
1,xmas
1,V MAD
1,personal
20,vegan
2,veganism
2,crueltyfree
1,iscreamnails
1,nailart
1,nailpolish
1,nails
1,notd
20,vegan
1,chickpea flour
1,delish
20,vegan
1,vegan omelette
1,vegan protein
1,i need vegan friends
20,vegan
1,bestofvegan
1,sweetsimplevegan
20,vegan
1,veganburger
2,veganfoodshare
1,hopper
1,larsonland
1,minnah
1,my food
1,my workouts
20,vegan
1,backtoreallife
1,idigitaldetoxisoverdueagain
1,kreator
1,repost
1,sorrynoquote
20,vegan
1,durhamfarmersmarket
1,farmersmarket
1,keepitreal
1,keepitsimple
1,lazycook
3,plantbased
1,plantshaveprotein
1,producebox
20,vegan
2,veganfoodshare
1,veganfortheanimals
1,veganofig
1,fit4life
1,healthiereating
1,himcancooktoo
20,vegan
1,vegatarian
1,vmotd
1,yancyified
1,gardening
1,ginger
2,health
1,herbal remedy
1,natural remedy
1,plants
20,vegan
1,blogger
1,chef
1,cookingwithque
1,curator
1,daiya
1,detroit
1,eattolive
1,foodie
3,healthy
1,meateater
2,organic
3,plantbased
20,vegan
1,veganmacncheez
1,whathealthylookslike
1,cheesyaf
1,greenchiles
1,macandcheese
1,sogood
20,vegan
2,yum
2,health
1,healthyfood
20,vegan
2,yum
1,420
1,high
1,smileyourehigh
1,syh
20,vegan
